"metabolites","HMDBID","U_L2_D5_1","U_L2_D5_2","U_L2_D5_3","U_L2_D6_1","U_L2_D6_2","U_L2_D6_3","U_L2_F7_1","U_L2_F7_2","U_L2_F7_3","U_L2_M8_1","U_L2_M8_2","U_L2_M8_3"
"Palmitic acid","HMDB0000220",32408251.42,15088675.58,13452134.8,25125172.95,37165941.87,13814048.59,20254767.56,17330056.53,20437711.83,20642623.03,13292165.7,18288736.45
"Stearic acid","HMDB0000827",18071143.07,10455852.47,10157017.16,17524957.96,20208391,10453744.5,12882303.9,11927545.06,15784457.74,13361884.78,9666705.755,11407119.45
"Phosphorylcholine","HMDB0001565",7483654.218,17092055.53,11517127.04,7717543.834,8662270.383,12838480.87,8510040.145,10723257.96,18714935.72,11830063.1,13099840.24,22164368.23
"2-Oxoadipic acid","HMDB0000225",5545035.159,6456192.473,6217604.047,5949919.093,5765032.343,6841197.682,5199140.856,6188945.943,6006664.125,6860266.8,6777760.643,7841228.581
"IS",NA,3956504.054,5064239.975,4837715.84,4304670.147,4612673.095,5477803.109,4041013.738,4923090.798,4230915.859,5359894.622,4818815.759,4881957.263
"Nicotinamide","HMDB0001406",3607022.863,3163666.673,3164324.247,3483546.798,4628767.552,4170534.033,4857461.196,4949601.449,5485356.32,5377887.739,5494737.774,6463745.853
"Adenine","HMDB0000034",5409746.675,4423889.435,5832975.466,4111725.101,4335444.345,3925413.292,3747678.676,3689454.125,4264204.826,5137578.305,4215896.048,4874094.062
"Oleic acid","HMDB0000207",2123531.029,2784393.627,1909728.171,3016421.594,4146619.257,2234107.577,5413036.144,3980448.335,4994481.624,1737782.488,1918513.182,2411310.189
"Adenosine monophosphate (AMP)","HMDB0000045",2748055.306,3399142.363,3133129.925,1838957.333,1714107.441,3010125.047,1888252.892,2080950.298,2961466.581,2688438.956,3471611.47,5319016.675
"1,2-dioleoyl-sn-glycero-3-phosphatidylcholine",NA,1690020.018,3936616.782,3278213.676,2494160.668,2742590.481,3044610.853,2523660.569,2340359.851,859048.8624,706861.4375,1082728.078,992956.9658
"L-Carnitine","HMDB0000062",1735608.541,1748024.689,1618611.652,1637072.6,1623835.011,1756587.882,1858333.111,1748474.212,2107775.361,2058637.212,1732878.493,2061791.63
"Acetylcarnitine","HMDB0000201",1421842.8,1637475.154,1518209.85,1561335.021,1685919.163,1903240.32,1292754.122,1325166.597,1585442.626,1818721.626,1987050.987,2081284.432
"Betaine","HMDB0000043",1395323.5,1505128.434,1487167.14,1222819.218,1335078.339,1449506.151,1339128.833,1344758.231,1581148.397,1795418.473,1600661.204,1959066.51
"Pelargonic acid","HMDB0000847",1262005.332,1618577.422,1155164.034,1089647.218,1684687.62,1196605.396,1224685.375,994868.8941,1194192.12,1179070.181,972453.3922,1302998.486
"Deoxycholic acid","HMDB0000626",1092439.686,1587401.315,861268.7249,1227250.172,1481432.433,1517585.803,1376610.485,939323.588,1767396.338,1365624.424,829168.4546,1059062.025
"L-Proline","HMDB0000162",979015.8768,1196108.902,950013.1992,829208.2805,905321.7054,815379.8738,1105597.675,1136218.378,1348847.855,901997.3706,973645.9093,998306.6198
"1-Stearoyl-2-oleoyl-sn-glycero-3-phosphoethanolamine","HMDB0008993",807835.7352,1723600.68,1417225.522,1421967.155,1343669.398,1325806.397,1102086.772,1006617.886,519924.5178,307615.1877,469861.6507,420538.3067
"Myristic acid","HMDB0000806",781243.8039,726947.6841,604566.1312,821210.5412,1706923.867,749131.4432,995860.1263,857642.0887,1027660.638,675830.4889,625768.5494,898993.8422
"Erucamide",NA,430660.6865,893454.2287,1675073.313,911954.6354,537226.962,404873.3652,2416033.417,700220.4415,351061.2674,399491.4983,512713.6673,657987.833
"Taurine","HMDB0000251",438016.9577,593600.844,612012.375,451790.3733,529767.68,683782.2296,536669.8783,672884.608,621076.6313,1029137.916,905625.6349,994048.5563
"Sulfadiazine","HMDB0014503",754553.4587,771795.1982,658326.1307,715107.679,737704.0431,652888.6596,558670.2293,708117.08,815364.0222,790637.356,586616.4126,695193.2216
"Taurochenodeoxycholate","HMDB0000951",522819.4695,822933.4294,711173.9364,643786.9677,434848.9192,779265.5253,773295.2004,920228.1268,808435.0137,334967.0928,781870.5611,391405.983
"Heptadecanoic acid","HMDB0002259",421772.7783,640601.7094,779273.9001,733121.8999,834031.5776,682536.6943,835593.847,764309.6795,829789.796,494436.4106,854725.5494,977792.2902
"Embelin",NA,516238.3882,485415.4035,644599.5622,612136.1273,1020539.444,987915.0773,734025.6127,545798.1501,772319.9654,557778.7025,389946.3771,532382.4686
"cis-9-Palmitoleic acid","HMDB0003229",464422.6236,549146.6417,342787.5388,514413.6714,1106284.438,402616.2881,838476.1541,656852.1016,845746.768,449853.9426,409405.0772,529493.0276
"Thioetheramide-PC",NA,358405.6239,886576.5149,636410.7618,871789.7353,722288.1231,651837.4006,798218.4822,840764.9716,361048.1745,355071.2305,507711.873,412621.135
"Uracil","HMDB0000300",264484.8726,494865.8902,479986.5766,412766.1453,403499.5232,626188.6255,566870.8908,723301.076,457009.7155,501520.8185,458434.1999,646835.2482
"(3-Carboxypropyl)trimethylammonium cation",NA,410500.3793,448656.1851,435667.4212,370029.1062,371505.2986,425262.5092,404046.567,393296.8477,456214.65,462712.3643,408285.6294,482675.8095
"Dimethylformamide","HMDB0001888",319496.2745,184236.7775,248464.152,306085.2947,385982.4597,598688.4434,790493.7,521950.0144,275619.3949,304697.958,494230.1122,374577.3664
"Altretamine","HMDB0014631",323751.6674,252389.3074,264874.3675,484971.3305,281651.4265,213152.7962,821875.7803,434452.4046,330182.5892,228708.4233,266224.0056,422475.114
"myo-Inositol","HMDB0000211",265826.093,387843.3277,403723.8647,234730.8811,280590.6167,364825.65,269634.7057,368129.8967,302990.7222,363148.3123,346220.2424,425626.4513
"Dodecanoic acid","HMDB0000638",393838.8548,406480.088,283325.2012,396464.3946,414698.8608,285028.326,484498.8132,310467.1739,348860.6189,408909.4721,251708.1489,329985.8938
"Phytosphingosine","HMDB0004610",1226863.553,367883.8072,316879.5611,211428.2058,68800.53263,10360.24589,168667.3872,21807.29156,781911.8272,537381.4232,103804.3001,945342.112
"Glycerophosphocholine","HMDB0000086",725478.1472,687085.7866,678942.1727,272659.5217,274364.9331,299154.7848,187416.9347,186901.6141,242143.3069,179125.1072,180281.1438,213304.8951
"Hypoxanthine","HMDB0000157",199449.1869,249998.6211,206968.2879,313038.0125,306437.9085,396337.8501,371963.3022,439144.2035,444866.0082,306347.1686,273332.4643,376979.1043
"Pentadecanoic Acid","HMDB0000826",204739.2547,246659.045,194520.1838,229084.4544,934011.075,258946.0707,285398.9402,276823.1203,267409.9867,259985.2511,248474.0533,340907.5326
"Norethindrone Acetate",NA,108656.807,295314.2181,273885.3749,260943.2466,289612.1423,283380.9949,276609.4526,269403.6429,251809.268,294147.6222,280171.5473,248506.5083
"L-Pyroglutamic acid","HMDB0000267",130237.6444,137360.2917,144848.0724,153170.7875,201884.312,222432.4984,182269.2049,235613.5584,205975.4527,376771.227,370459.0254,428197.1415
"1-Stearoyl-sn-glycerol","HMDB0011131",320775.6477,176370.6482,180893.8873,340347.8849,553302.9405,153011.2245,333383.0592,246556.2652,282370.1712,183182.5953,198561.5548,144867.6507
"Methylmalonic acid","HMDB0000202",297318.8053,239368.2223,244175.3537,189586.449,202733.1725,187419.4202,237670.8987,190276.3108,189771.21,217377.1605,190074.5678,212370.4792
"S-Methyl-5'-thioadenosine","HMDB0001173",103489.097,239475.6201,230583.374,83208.11761,114964.2075,136436.9056,144897.1962,236613.8042,236152.4715,284825.142,293175.0355,442958.0775
"2E-Eicosenoic acid",NA,219226.8743,164730.1223,128123.6893,261984.0457,282378.5685,131674.7636,471292.3609,220338.6767,392803.6654,107961.6467,109609.1539,141694.8328
"11(Z),14(Z)-Eicosadienoic Acid",NA,148292.1747,146592.0729,112402.626,221389.3309,258883.29,135802.4316,471886.695,244301.5476,416969.4443,119605.5661,119346.5306,146680.8783
"1-Palmitoyl-sn-glycero-3-phosphocholine","HMDB0010382",127704.3655,117039.8455,90123.813,162315.12,176728.6755,159809.4965,153500.5567,191047.1473,166752.8555,103374.0223,120594.948,137574.4457
"Betaine aldehyde","HMDB0001252",175197.3535,163134.4631,144967.7142,157831.7146,168394.7689,149856.1251,156071.035,140204.0729,149458.2801,147435.026,152944.1016,142414.0941
"UDP-N-acetylglucosamine","HMDB0000290",51182.64906,104352.7253,107684.756,45028.91679,64419.26812,107155.177,106641.604,226218.0782,133699.8904,178944.4817,211546.7575,249357.6878
"Dihomo-gamma-Linolenic Acid","HMDB0002925",117305.1651,124821.6806,98647.12,178807.7893,197215.6875,115133.5388,344076.3856,206450.601,313723.695,89640.11506,98707.42272,107596.9606
"Sphingomyelin (d18:1/18:0)","HMDB0001348",103572.1637,167644.1884,158863.4315,270723.3851,219516.6041,144718.8722,233013.1465,300293.0996,69013.43979,66800.2095,89430.69631,70212.04607
"1-Oleoyl-sn-glycero-3-phosphocholine","HMDB0002815",108955.8787,137292.6435,111470.7252,145584.6457,161149.5459,126288.7962,132975.801,129908.9456,130502.4979,85835.57394,108485.2906,120713.2701
"Dimethylglycine","HMDB0000092",156416.813,144130.9388,145890.7204,114382.6478,137863.6951,123376.2787,123339.233,129867.8364,137542.3083,142120.0059,125156.6547,152429.7765
"1-Stearoyl-2-oleoyl-sn-glycerol 3-phosphocholine (SOPC)","HMDB0008038",140537.062,152224.3564,212300.9212,206170.7009,270755.2371,166347.9382,219226.8005,166776.8863,104163.618,57164.939,111626.0017,59874.65996
"L-Glutamate","HMDB0000148",73735.9368,139520.9824,144236.9861,55302.15081,67923.94233,114144.3837,79387.72325,154737.33,91149.37,140494.9848,161124.3288,199352.9457
"Arachidic acid","HMDB0002212",153324.7579,113381.6438,93475.56771,235168.3231,286833.6068,83641.18969,154628.2697,98074.59294,142892.8391,100592.6073,76902.72841,149774.8529
"Pro-Val","HMDB0029030",272868.0583,119583.2059,61363.76347,141813.819,100371.1189,79083.30165,127538.5094,89699.92659,90612.12359,149176.3112,83477.37458,77815.77059
"DL-lactate","HMDB0000190/HMDB0001311",44002.95283,62759.69272,64600.14185,62779.86945,59896.28033,108668.8883,109065.576,151469.8232,107757.9622,163766.9952,187593.5998,199843.05
"Behenic acid","HMDB0000944",72686.30946,153622.5408,195255.0126,165956.5441,163552.7645,123212.0957,101074.3155,170692.4387,82405.23762,94472.4497,145057.3345,105032.5351
"Cytosine","HMDB0000630",136162.4371,137483.7946,139140.1223,100142.0659,117911.0708,117360.1882,96575.40745,100933.3982,115103.0225,109554.1529,107388.6011,116968.1225
"Undecanoic Acid","HMDB0000947",136048.8234,111301.8781,118210.265,98165.80767,146411.1814,108866.9925,105177.229,102771.7496,116009.4708,90940.93739,89343.21196,103454.8663
"Hydroxyproline","HMDB0000725",85666.9385,133056.0299,123753.3772,67033.95594,80698.69778,103684.3005,82511.79011,101257.2021,83081.47876,119081.6932,100934.7538,130746.0327
"1-Stearoyl-2-hydroxy-sn-glycero-3-phosphocholine","HMDB0010384",61718.87591,96203.72068,79601.55341,160848.2456,119874.2463,104999.2744,126148.5027,165645.7549,115579.6467,89605.82103,80009.0669,99650.223
"Dioctyl phthalate",NA,64027.47967,102062.4407,90073.16476,150925.924,76391.574,89331.86795,136887.4674,155149.8412,85785.08952,107079.5845,131297.4337,160016.5431
"Abacavir","HMDB0015182",98575.76757,136212.3416,120672.8259,70643.7326,79298.4192,94540.48148,67138.08286,77518.44036,100434.1505,112863.5173,122594.6949,168953.0201
"Benzoic acid","HMDB0001870",98339.67612,96052.40876,71981.39036,113277.8764,202506.0147,153027.1362,69709.14786,59165.26894,81311.97306,90295.6275,81536.24789,70763.364
"5-Hydroxymethyluracil","HMDB0000469",86306.78323,24030.35,94652.48945,22097.97176,18272.71429,135703.3409,101669.3242,28856.1074,123755.4218,157604.2799,30579.464,221785.0952
"Creatinine","HMDB0000562",78535.95391,83759.96495,71224.34277,81497.55991,82038.51,94225.27927,92662.71259,104895.3135,112227.4039,116301.6949,102732.5993,132483.1241
"L-Arabinono-1,4-lactone","METPA0132",99863.47951,83097.14947,97033.22234,59195.7135,94262.19158,87972.75063,72047.52521,113449.627,123865.9459,96804.94823,112203.2874,122216.6352
"Arachidonic Acid (peroxide free)","HMDB0001043",76787.04694,86942.59154,76495.81079,117711.456,143146.6741,91785.9974,199069.0079,143915.85,188168.916,49343,59319.77567,72146.004
"Tridecanoic acid (Tridecylic acid)","HMDB0000910",134735.7453,80757.26871,90793.16456,66078.43947,132355.818,80439.65488,114580.3502,95605.54518,121244.76,99498.51159,85399.26624,120196.608
"Myristoleic acid","HMDB0002000",115737.9635,96538.94176,78086.20167,78299.11636,179353.1017,53185.56176,154635.5424,85588.71329,115206.8113,123426.485,82416.45176,106801.0344
"2-Methylbutyroylcarnitine","HMDB0000378",45318.75008,51938.7298,43745.94515,104525.4241,110373.6802,120594.8902,84738.269,92543.8306,103797.7166,123783.365,119023.7944,133413.2912
"Cyclohexylamine","HMDB0031404",89868.56929,93120.47069,88081.77355,79554.57053,80677.16641,93323.74173,81809.21559,77558.96944,94579.96514,100891.9768,91562.70073,111487.7274
"16-Hydroxypalmitic acid","HMDB0006294",82180.07733,63131.84205,65133.13125,80531.44511,101926.3785,66004.9555,109375.8976,108552.4455,125295.8129,93419.60293,73738.02556,111084.5034
"Cholic acid","HMDB0000619",57513.64553,98825.6512,85441.11045,84804.2048,72418.2485,85615.536,69552.07858,96045.69135,82307.70635,78612.02289,86418.18558,95612.0379
"Allantoin","HMDB0000462",52666.02214,89882.7029,80880.67167,58306.16,49995.2575,135653.3365,43575.77147,90952.83656,61831.79077,82317.69405,122487.39,95860.22647
"Nicotinamide ribotide","HMDB0000229",38621.11729,83499.94856,85625.66031,30438.20824,42285.712,75212.04765,40136.79982,90205.80806,51560.904,102442.5186,121177.2554,153434.0808
"N-Acetyl-D-glucosamine","HMDB0000215",63290.304,60777.56111,86319.59824,78254.73691,118199.2103,121969.7088,90140.04519,68213.13113,90629.84025,77557.37412,45926.47529,80306.54071
"N-Acetyl-L-aspartic acid","HMDB0000812",62365.38,103780.7302,101842.7602,40551.55667,46226.06888,94734.91694,34431.53611,84875.382,57979.56267,77533.08889,103925.9328,104338.6998
"N-.alpha.-Acetyl-L-arginine","HMDB0004620",107766.2007,100935.7844,76356.27,76703.20843,63532.49982,80006.92267,67735.325,77814.54731,79057.73633,72047.58,96685.63659,76276.67119
"L-Glutamine","HMDB0000641",42320.05977,46349.44665,46518.28494,63291.14022,64998.64769,132293.082,14964.6234,112704.1926,90044.03043,82011.83177,127744.5445,75315.66381
"D-Fructose","HMDB0000660",60210.15167,79274.00957,89420.26929,52224.417,64862.97273,79521.53846,57789.9,77230.22507,67641.98354,73461.2505,76755.9585,101637.3928
"PC(16:0/16:0)","HMDB0000564",55447.38618,132236.2688,107929.3354,116795.0784,108887.0061,76810.33808,118562.1937,104121.4169,64458.58051,38375.57719,45670.79336,37239.98
"3-Amino-3-(4-hydroxyphenyl)propanoate","HMDB0003831",67926.68825,65054.85836,68046.38486,70406.41585,73442.46509,73499.72233,75699.01209,75678.56781,76233.89444,39775.30477,74241.07225,76915.12162
"Pantothenate","HMDB0000210",76962.39873,73882.33305,66143.64373,49449.07541,48896.40986,52692.63,69231.57,73055.82724,78061.34586,87926.03711,85841.283,95952.50095
"Inosine 5'-monophosphate (IMP)","HMDB0000175",31343.79028,60377.02035,57690.09179,31723.77433,39835.25315,65028.17083,52592.12619,82179.57726,63931.08529,91194.05176,102244.7916,128045.3353
"Acamprosate","HMDB0014797",57569.69732,74683.38163,70003.31832,47212.76121,52442.561,94930.1655,57682.99945,61310.19833,86602.25505,82464.35359,70818.87352,73766.35582
"Adenosine","HMDB0000050",49572.46957,63368.63991,51581.03474,51333.65161,66339.41296,58917.12248,49562.85304,63026.15235,58049.30733,96476.00435,86211.86479,102638.6011
"Glyceric acid","HMDB0000139",52601.81911,66933.59192,76289.76381,60317.37216,65106.01602,66705.27032,69377.68044,71500.15733,63052.43997,64429.77631,66756.131,76360.386
"4-Guanidinobutyric acid","HMDB0003464",74870.61686,63945.937,55807.81995,64089.846,62066.59773,62910.55414,63077.334,56390.527,66655.60145,79023.49272,70796,71635.035
"Tetracosanoic acid","HMDB0002003",63396.33683,67782.34438,49605.63448,93656.15533,171418.9716,75465.27619,71665.59153,56268.00623,81421.805,49895.56222,34576.8665,61956.71223
"Thr-Val","HMDB0029074",102639.605,64140.03818,43480.034,85554.43071,68174.08,55010.10183,83182.42,53407.77943,59297.90769,75050.25,51643.64,48301.82727
"Cytidine","HMDB0000089",50453.55345,55170.268,47507.22,61867.197,64730.853,69036.40696,63171.89073,62724.67473,75427.88318,66556.35805,61607.725,76364.97347
"Nervonic acid","HMDB0002368",84005.59846,50019.44617,35517.34286,119773.6165,131910.1115,44643.15457,104453.2913,79925.72571,89365.89762,32431.75,31988.80064,73759.98034
"Erucic acid","HMDB0002068",82664.77342,64907.63467,35452.68909,100670.3667,104345.5897,40247.29333,157804.3306,60735.53,101192.6364,34328.43331,31402.15,48126.65
"Chenodeoxycholate","HMDB0000518",43941.31636,55982.39536,53981.12968,46540.53886,48201.3323,56475.17633,50309.778,60415.95156,64158.95348,51166.11647,54112.06977,59707.72667
"1-Palmitoyl-2-linoleoyl-sn-glycero-3-phosphate","HMDB0007860",87361.84619,61956.332,49017.885,61037.00485,58697.70558,29140.316,104901.2925,81712.97667,58427.3877,40218.31533,69761.12407,80312.15973
"N,N-Dimethylaniline","HMDB0001020",42066.24803,47082.30057,59634.77695,52644.78265,53658.88699,51188.40981,40251.45133,58080.11256,24867.30147,58147.51644,46194.83896,60164.76186
"Eicosapentaenoic acid","HMDB0001999",52129.43675,47701.797,33660.26594,46312.85841,62670.05094,42964.9734,92781.28237,81880.87059,89136.72188,32581.97447,33597.55394,51922.55611
"N-(omega)-Hydroxyarginine","HMDB0004224",75534.528,58646.305,42194.17374,49010.57427,37164.96847,41409.50791,43762.641,46192.90777,45812.27252,44673.62,49859.04,42127.24024
"Phthalic acid Mono-2-ethylhexyl Ester","HMDB0013248",34590.52932,39264.59678,49151.89166,34700.30379,38808.59567,35673.53818,69363.78114,52975.23444,84966.38913,47165.56706,47825.67,49936.7148
"Uridine 5'-monophosphate (UMP)","HMDB0000288",31525.74224,50234.17305,48872.07857,21430.2,26464.23945,39087.9129,25674.049,44278.89714,33257.4235,56123.86895,58083.95667,80785.5282
"L-Asparagine","HMDB0000168",29145.83333,49415.58424,43957.03748,30305.10355,34816.73209,52946.45496,32582.52752,45835.34274,35395.07264,46998.80427,48733.86,60627.33491
"4-Nitrophenol","HMDB0001232",26376.73267,49459.04814,47421.46051,58039.56494,11775.49908,27417.73506,66290.64084,62537.994,15491.37333,29067.104,43333.45402,77571.05925
"Ethyl 3-hydroxybutyrate","HMDB0040409",39513.04461,54643.65409,41321.78768,39906.21525,44697.40485,27616.57333,30943.40985,29002.03568,93553.385,8106.95,30112.7533,42342.70517
"Salicylic acid","HMDB0001895",49560.97822,61563.96874,38471.31475,43458.95076,15131.838,39465.30551,56583.065,45290.36371,41794.01649,53678.13471,39906.29194,36193.8
"L-Citrulline","HMDB0000904",37607.18567,34148.84241,33116.54942,38778.38357,32473.845,58476.21076,46485.36588,58550.72889,49965.003,50629.63591,54597.29144,39986.23144
"epsilon-Caprolactam","HMDB0062769",33250.833,41081.82291,37693.96718,38286.65573,36959.48625,47203.73629,34926.60036,37623.257,59978.533,45405.20672,46491.4205,38752.29336
"1-Palmitoyl-2-oleoyl-phosphatidylglycerol",NA,82408.4826,36886.98209,28137.15121,93785.85767,114354.1361,41412.72395,54972.15625,24856.57388,76716.63135,17954.91154,12608.35458,15443.70213
"DL-2,4-Diaminobutyric acid","HMDB0002362",38574.87407,32392.57365,22218.23971,37609.7753,37011.63541,52033.01781,41077.78093,39673.94652,51122.63613,63262.34237,49128.6535,42794.69014
"Beta-Alanine","HMDB0000056",30393.09122,44162.37808,30777.97445,28220.10783,53289.24735,33865.78218,31989.987,37989.11765,30326.34,52036.25199,33873.69563,38393.36006
"3-Hydroxycapric acid","HMDB0002203",43402.48713,34188.60981,32811.10615,28422.04951,29826.94425,34525.65078,42201.78625,37229.92334,26280.00479,32513.29461,40754.656,47288.43383
"Dicamba",NA,30088.92057,35026.76409,37423.12924,30908.57386,32793.00179,37578.06,36359.46432,39314.96855,37903.63037,42477.06283,37889.81113,46303.7355
"Inosine","HMDB0000195",27442.08791,28039.00263,28958.57956,32798.76325,39188.32016,36770.59067,29753.04189,38341.57025,44942.44314,44510.45753,41276.00053,40034.48575
"NG,NG-dimethyl-L-arginine(ADMA)","HMDB0001539",35150.668,43568.57735,45150.81568,21738.30708,24689.48988,41008.66453,24501.048,40131.80246,46251.101,33502.20714,49739.70993,58322.501
"5(S)-HpETE","HMDB0011135",38104.90125,41360.73688,42757.2475,51127.16663,63729.414,30004.76841,47184.718,41539.86194,29828.18333,32181.62169,38070.2566,33231.385
"2-Oleoyl-1-stearoyl-sn-glycero-3-phosphoserine",NA,55110.36443,25293.241,25695.63627,55962.642,57109.68286,22911.8841,59164.72967,22879.12665,67249.42965,35236.74576,32688.9829,55606.4139
"N-Acetylcadaverine","HMDB0002284",29034.10857,35021.69825,30807.66026,31271.29041,35996.10542,33840.38272,30968.488,34549.7966,42829.85725,42974.97817,37101.07559,43403.05739
"Guanosine 5'-monophosphate (GMP)","HMDB0001397",39169.13471,41304.52322,43021.51,26735.51997,33901.49471,32958.53782,25314.60994,29845.64915,36828.05867,19539.99318,44777.82329,55688.5447
"Phenylethylamine","HMDB0012275",15969.5095,25604.3025,26462.08895,20200.93067,24047.673,27958.90129,81179.89771,20965.592,19793.00041,18976.90667,35188.37264,29364.83419
"His-Pro","HMDB0028893",27077.86289,26724.2265,19669.63676,29575.8848,39147.924,38304.644,25350.36677,28796.6285,33513.26526,31816.91438,43395.53895,28957.04
"Thymine","HMDB0000262",4845.512,100468.5029,130747.3697,84021.5537,5699.203857,8387.828571,6550.95,6948.343273,79939.73645,7011.774545,7630.955583,5804.62
"Pentetrazole",NA,66482.79708,18207.0024,32493.91732,13490.035,50158.97922,17456.44125,54181.31786,13907.37765,48403.27998,40970.76613,16935.57216,53158.53452
"(-)-Usnic acid",NA,33653.66999,31633.47798,28920.89593,31683.92122,28456.23635,28860.14775,30550.02101,27799.38802,29842.70304,30202.24852,24528.17674,40484.3925
"Ammelide",NA,32518.56859,30038.50727,30093.04494,32558.14241,32437.78518,33776.77047,30022.88415,31999.15348,33722.03754,26532.42755,29187.32222,31796.65624
"L-Cysteinesulfinic acid","HMDB0000996",35182.19544,17768.49427,37344.3298,37650.85353,32201.4533,41599.26624,30931.9016,40686.5647,39360.1835,35771.31031,3414.347778,39197.31845
"gamma-L-Glutamyl-L-phenylalanine","HMDB0000594",18848.18274,28793.10789,31862.31789,14493.51889,16717.27726,23829.77146,20290.53983,30280.25387,13543.92895,25969.87905,45454.89347,56006.27016
"Guanidoacetic acid","HMDB0000128",27032.2424,32969.7319,25847.6058,25365.27815,23780.58433,26709.34933,33566.33973,30435.357,29725.6344,40619.88857,30884.66667,30592.02619
"Pro-Gly","HMDB0011178",21058.59208,23148.58569,18707.2275,32307.23235,29683.92525,38453.39006,28338.23125,36624.18089,35096.56976,30489.90389,33841.78353,29481.7565
"Butyl lactate","HMDB0040254",53187.23038,18744.246,20277.78011,38341.13517,32039.189,19323.44231,36854.92871,25498.4805,31855.68094,25785.31608,24173.49786,39350.07338
"3-Methylhistidine","HMDB0000479",29189.76096,33636.62172,36015.53233,28652.62362,29898.50359,33151.26122,27485.02308,26856.074,32286.30925,25396.28229,24756.82811,27840.4578
"1-Palmitoyl-2-oleoyl-sn-glycero-3-phosphate","HMDB0007859",47631.55526,34645.40062,26260.29418,33364.5502,43625.27576,22016.78519,38119.58869,40779.51754,29030.58165,17186.68343,32689.99569,35698.77806
"1-Palmitoylglycerol","HMDB0011564",28582.28897,38530.3591,32562.8316,43950.05948,34436.02441,31802.60172,36504.86311,34932.4169,22172.23917,17206.203,26259.64871,26438.97027
"Niflumic Acid","HMDB0015573",25707.44094,29101.79253,29548.83811,25517.22778,27281.436,27318.70864,23604.764,29706.61832,24198.50558,28594.86918,31607.48659,28172.79429
"Diethyl sebacate","HMDB0040429",34866.87624,14616.4549,13392.86031,44413.34592,10085.58,16143.10103,16660.63117,23382.0043,23273.335,95366.4145,42165.6419,12410.7183
"Cyclohexylsulfamate","HMDB0031340",20181.57404,47300.01792,15700.50402,8810.082454,9196.0218,21582.02704,19872.40199,39625.79636,53259.09493,25187.06224,12157.55448,59600.71672
"Taurodeoxycholic acid","HMDB0000896",26686.33917,27450.54292,25427.89153,19167.24343,20343.74414,24850.32338,21343.7338,38207.30294,28831.03791,23452.62045,24461.78285,27623.55668
"sn-Glycerol 3-phosphoethanolamine","HMDB0059660",28085.85811,42009.74953,46087.18,16236.44835,19509.96946,25179.38,14352.665,21795.0115,17445.6915,20487.93272,22706.61218,29158.76083
"3,4-Dihydroxybenzoate (Protocatechuic acid)","HMDB0001856",5646.744814,15949.42091,579.803,93067.25655,1239.520556,894.65325,848.115,116111.7147,21165.81043,62203.76456,65844.89563,4351.1865
"L-Arginine","HMDB0000517",34962.95353,30239.22,25233.399,24674.13233,21565.65281,26943.80655,23030.49887,27369.49868,25999.67526,23798.88544,31725.44947,25394.0475
"Sulfapyridine","HMDB0015028",25172.712,26590.72778,27895.94229,26183.03579,24930.43854,26550.40433,24353.35305,25140.68371,28142.02557,28122.65445,21337.48846,31320.79253
"Adenosine 3'-monophosphate","HMDB0003540",26434.0692,33730.97771,35562.5038,22643.84663,21361.70841,26158.72724,22944.73483,23312.7936,27938.5667,25794.57626,29489.05425,37993.4737
"Ala-Ala","HMDB0028680",72029.17647,20135.95322,13782.94585,17511.48997,29365.29341,23543.79076,21412.46969,22187.9655,24951.82312,27478.53908,22636.50576,25690.64417
"Tyr-Gln","HMDB0029103",14058.59625,13978.23932,12128.73926,21171.59404,22355.69279,23071.13759,39738.049,40563.55037,44066.20804,24273.18911,23663.41407,26482.35846
"Triethanolamine","HMDB0032538",16772.602,15881.57217,18135.0326,14160.56767,31745.87305,22184.552,12756.10783,17998.0605,18402.56504,14231.6316,60481.38857,15946.14052
"Docosatrienoic Acid","HMDB0002823",25489.25546,22265.745,13205.12,40741.077,40258.85429,19807.38154,57798.76454,33426.603,53086.73862,16300.54571,16406.90931,19758.72182
"Pantothenol","HMDB0004231",52467.52342,8634.315708,43979.48424,42529.02692,44022.37649,6703.335833,5043.251348,43487.31647,1140.248182,30630.47005,8441.810045,10134.91541
"Tyramine","HMDB0000306",19854.3397,22012.64679,18927.293,27646.54333,32789.06392,34049.97704,27708.98452,28330.64348,31421.0483,19584.0724,21467.77257,23435.814
"Succinate","HMDB0000254",18833.75135,27190.83203,23621.72047,16771.36403,20145.92862,23532.72411,16083.34245,24751.53389,23512.49554,30481.17413,27491.90968,30851.034
"3-Hydroxydodecanoic acid","HMDB0000387",48220.74396,31366.725,12971.99432,16355.33981,27523.993,19047.05939,33704.09318,17282.96105,19119.21569,29371.37842,27116.5895,28501.34985
"Thiamine","HMDB0000235",17334.41235,17580.38487,70442.00355,17644.72236,31520.37283,17626.94299,31697.8881,16864.70243,3413.526667,19138.73913,34378.12637,30872.73525
"L-Histidine","HMDB0000177",30442.84241,28074.30145,19578.99709,27444.9015,23260.75791,32328.22645,18342.74314,26579.43227,20297.27326,15331.92632,25581.10991,18025.53391
"Uridine diphosphate glucose(UDP-D-Glucose)","HMDB0000286",8117.233929,20497.76842,22058.87579,7198.387579,10084.73809,15993.37395,11544.42225,25918.73442,13384.46932,31580.83088,40185.7255,52836
"3-Methylglutaric acid","HMDB0000752",12511.46273,20647.09726,19572.48263,32889.96552,30567.655,16786.54381,20524.32144,19888.74155,24021.93448,61248.26,12683.65774,19917.888
".beta.-Citronellol","HMDB0035093",23904.34968,12057.80294,16795.32765,30338.30725,14928.68416,15543.098,57351.41657,24239.2019,21302.79171,19294.76874,19334.6257,23541.11805
"5(S),14(R)-Lipoxin B4","HMDB0005082",31723.93036,18801.10286,20897.12815,26908.34771,39623.811,17078.03825,29290.1274,23314.16235,24485.2,27083.09133,14710.06255,19813.7198
"2(1H)-Pyridinone","HMDB0013751",19381.23495,15649.254,17083.4687,18558.67936,20081.373,23532.80091,24037.82919,19986.11267,27589.91642,25270.97439,24974.07818,29131.06271
"alpha-hydroxy myristic acid",NA,28517.2046,15874.96875,18615.83857,13548.90211,19220.52,15456.903,43522.7099,25887.97068,26676.32264,27004.10379,15748.38563,34447.78944
"Thymidine","HMDB0000273",21378.10733,16398.94009,19354.82786,20906.44919,14877.49444,24032.96525,25953.80824,25553.43286,22516.57604,23348.16,14252.93533,25832.86187
"2-Ethoxyethanol","HMDB0031213",28427.15735,21495.62597,17651.55459,19677.942,18076.46657,17984.69302,24906.20796,16511.62944,20228.37843,24429.676,19958.69862,19501.35419
"Pro-Asp","HMDB0029013",20500.96992,25124.83441,22225.0083,16611.75386,18365.59167,21123.07633,19056.32,20174.2719,24506.71398,28152.89935,22594.50874,28249.90326
"Pro-Asn","HMDB0029012",15091.49109,14584.23894,12329.58946,22527.057,17082.62772,32839.43714,16261.35027,25083.34214,23080.77818,19900.41715,26692.9528,14935.30551
"1-Stearoyl-2-arachidonoyl-sn-glycerol","HMDB0007170",20426.4944,42370.23484,24164.55586,41637.76409,36371.87047,37605.7007,22551.24073,32034.1697,11261.65031,4289.401421,7608.344304,10853.28321
"Lys-Leu","HMDB0028955",12673.65975,19290.48625,24635.27387,13476.47826,15176.721,23509.27652,16260.45139,20568.85983,27817.98938,18638.32737,23799.672,28769.14783
"L-Palmitoylcarnitine","HMDB0000222",14807.89309,21444.63,17069.2467,23578.3741,24093.4665,20020.18633,17596.9729,13741.46524,13655.88638,21875.08922,22921.9411,28694.6226
"L-Threonate","HMDB0000943",8647.730755,15134.57978,12787.22915,10824.50689,11744.07501,18061.7505,11839.3394,23857.27314,12256.19911,28267.34354,29343.10464,36906.82092
"3-Indolepropionic acid","HMDB0002302",10809.87083,12591.45083,16804.99059,12793.90738,46106.46877,17699.02192,16386.2775,14440.65956,14974.74,17793.03833,24310.45693,15217.77245
"Gly-Arg","HMDB0028835",23021.41557,25482.49453,24585.65248,14367.402,11653.22288,20041.07504,22033.78951,20594.29358,21619.62868,10066.93167,20192.79744,20414.16733
"3-Phospho-D-glycerate","HMDB0000807",10574.9975,26108.21056,10860.45852,15370.10718,14136.0066,13686.255,16667.71519,18100.85938,24227.28313,17874.669,30505.45122,31368.558
"D-Biotin","HMDB0000030",7862.2748,11025.44518,8933.253571,13607.01015,13571.21941,15514.29688,16554.40564,17739.23083,23498.62035,31394.95625,28220.10975,35058.38
"Phytanic acid","HMDB0000801",12074.4533,29425.69736,14797.80964,25585.51526,13626.55234,18067.78463,39715.26334,24659.642,16374.51357,14320.83839,11549.89057,34244.4855
".beta.-Homoproline","HMDB0029444",14010.87436,11703.99488,31049.7635,15152.75262,20144.54696,22824.26896,15295.35336,14392.931,28515.9264,10606.79692,15191.59754,13547.30378
"Phosphocreatine","HMDB0001511",16215.4689,20687.04874,19203.3495,12561.8185,12384.62105,15744.24784,15933.022,17576.1285,20848.43906,25391.51875,26130.61867,31725.76478
"Acetylglycine","HMDB0000532",20866.41886,17748.20645,13693.65005,18994.82571,16694.5493,23862.55403,14944.23158,16456.99633,18150.46725,18282.478,19938.0664,15645.62779
"Valeric acid","HMDB0000892",28128.46865,13205.968,15192.5394,19646.60878,21891.90667,13882.43533,18728.08713,16362.63317,21004.22667,17044.602,15867.836,20575.56458
"Prostaglandin E2","HMDB0001220",20607.36952,18879.52909,14636.7,14996.97077,11870.87529,16980.59922,17210.38169,26537.17059,18097.57529,20901.0437,19817.08152,25320.26886
"(+-)-Mevalonolactone","HMDB0006024",15294.43485,10129.10916,26872.83662,14212.4675,17781.76784,19187.52391,13607.51318,12790.05168,26803.092,10874.62133,14327.07276,11931.42665
"Cytidine 5'-diphosphocholine (CDP-choline)","HMDB0001413",17706.03835,20067.86668,19143.11986,15312.336,15538.59714,18811.67809,16784.66304,17810.69,20643.9011,17012.69474,17551.52959,21579.76485
"1-Stearoyl-sn-glycerol 3-phosphocholine",NA,24909.19836,12522.14688,8904.088421,34905.88337,33213.34555,14971.63547,33582.49165,15666.3642,33648.71427,10568.69547,9334.23,8871.786692
"Pro-Gln","HMDB0029015",10185.384,15256.67447,9178.723625,14226.78106,12009.62764,25052.37883,13849.57211,21597.19668,18179.48,18781.24086,19653.50506,11908.42256
"Pro-Glu","HMDB0029016",14902.80523,18849.09441,18392.03855,13868.84479,13023.612,16078.05172,16017.99215,17338.19209,20676.964,21540.09176,18223.167,21673.90815
"Imidazole","HMDB0001525",15135.03868,14072.94,12791.08272,18260.50286,17385.45778,16878.13426,20309.73926,16983.45629,19239.02017,19896.16466,16770.46238,18987.44167
"Nicotinamide adenine dinucleotide (NAD)","HMDB0000902",18755.573,23672.52979,22804.82812,11669.004,10803.28297,15408.03111,9621.485026,13225.73435,18144.87715,20679.86904,21876.9146,28247.08206
"isocarboxazid","HMDB0015377",7726.939133,12861.8057,13179.77454,10631.64794,11074.756,15579.24091,40490.40673,11873,9935.4931,10698.18222,19573.65806,14703.24555
"Formylanthranilic acid","HMDB0004089",10479.44967,13556.36473,10976.83278,10622.74978,20301.7885,22625.0035,13380.872,19253.36444,12173.34135,15533.06313,23625.94369,18392.72214
"Acetylvalerenolic acid","HMDB0035687",16934.35353,6371.781818,14602.0664,12805.36888,32691.39147,6169.98,14398.34846,18709.68992,12006.792,12675.34125,8481.419813,17633.73
"N-Acetyl-L-alanine","HMDB0000766",10368.50933,16656.44895,12306.295,11318.84573,10132.03213,25733.14746,8463.185425,17168.83974,13624.14861,16982.80348,22556.3285,17713.4385
"N-Acetyl-L-Histidine","HMDB0032055",17643.57714,17304.49188,15074.88139,15663.67779,14322.18786,18193.83103,15683.83814,19224.384,18181.23834,15276.92673,16612.73323,15593.62946
"Stearamide","HMDB0034146",17563.17338,24684.91814,11053.58767,15345.13014,11626.14529,7925.896364,15606.815,18102.66368,20137.94809,17392.28861,13576.0549,31720.074
"cis-4-Hydroxy-D-proline","HMDB0060460",17883.43083,14352.80227,12084.57211,16335.84333,15570.0134,21620.26286,11473.04212,15517.33255,14924.25,15363.37333,17332.23,14856.30727
"Glycine","HMDB0000123",9520.051667,12542.71029,11850.22222,18588.0621,15439.51391,22485.6264,14437.7424,16117.52,19960.06472,16155.04,17017.4849,16896.933
"Hexacosanoic acid","HMDB0002356",18036.14642,15865.0596,10092.3785,19861.986,36117.913,22698.3873,15660.70043,15707.57677,15430.18011,16126.818,8505.852727,13828.815
"L-Fucose","HMDB0000174",12710.45976,11783.50558,10521.847,13982.2034,20687.37648,12563.3816,13878.46845,12945.2678,15044.3748,12902.79207,16961.67861,10971.27504
"Dehydroabietic acid","HMDB0061925",17886.14033,19019.06838,9447.025714,9261.013885,17094.25655,8515.600154,19512.7525,29082.03765,27408.42,9803.233,10173.68313,25905.69344
"Glycocholic acid","HMDB0000138",9146.23116,17115.99905,12183.84643,16790.16856,20227.79537,20202.83621,13872.87548,13415.61589,17500.93765,16143.27879,14213.9725,17175.15882
"2-Oleoyl-1-palmitoyl-sn-glycero-3-phosphocholine(PC(16:0/18:1(9Z)))","HMDB0007972",25540.73186,20683.23898,16325.67226,21871.40447,29052.6708,10305.42428,16980.10821,19614.94595,15767.96109,10482.054,16357.0639,16658.05689
"Serotonin","HMDB0000259",9930.504828,16656.13193,14046.0885,9613.27575,12774.70586,18810.32227,12342.36312,14678.62582,14347.0078,16313.55277,19619.8134,18874.5705
"L-Threonine","HMDB0000167",15431.21813,16557.85918,17704.726,13864.40467,12917.18096,15428.28857,14811.56561,14801.91779,17951.44623,17589.503,16388.87791,19063.88977
"Fumarate","HMDB0000134",11976.14615,12693.32625,21768.90045,8653.523737,9280.326333,13934.93589,12108.91842,13858.36867,13989.86264,14285.60862,20810.10384,15667.5519
"2-Deoxy-D-glucose 6-phosphate",NA,23751.18375,1165.712,3481.688,34521.62921,2222.3,5563.610909,38129.48101,3879.833933,35515.44838,5323.480615,45514.99604,6474.88
"5-Methyl-5,6-Dihydrouracil","HMDB0000079",16581.13763,16175.29009,13792.54114,17231.52082,16925.45643,854.6717308,16671.07362,11167.07691,17478.85629,19060.69548,13229.44414,8578.035857
"Pentoxifylline","HMDB0014944",8766.573158,7773.452838,7810.486222,10985.92637,12204.09647,12229.63224,21765.85105,19573.16458,24306.83684,14313.39535,12701.55861,14583.875
"4-Hydroxybutanoic acid lactone","HMDB0000549",14280.75141,14937.02081,14737.32433,13955.38363,14339.7475,14608.68744,13492.15488,11907.50209,13152.57163,16649.3745,14959.47377,17065.33215
"alpha-D-Galactose 1-phosphate","HMDB0000645",10398.46286,16745.07625,15761.36444,7611.705824,7601.168154,10825.06056,9800.107826,21165.02267,9813.7975,17765.28842,16306.75143,19938.31056
"L-Phenylalanine","HMDB0000159",12447.2192,12438.69783,11114.894,14747.88,16480.15125,18789.68908,15160.30288,15521.4125,18067.30367,12161.00686,12613.56625,13909.94179
"5(S)-HETE","HMDB0011134",5090.510875,10547.342,20739.62711,6652.17371,17465.16471,35951.59285,5075.696872,8977.829189,11008.71278,22451.31194,9392.839432,13703.8967
"Androsterone","HMDB0000031",11532.07608,15090.63563,13599.94126,14627.00792,15928.25938,14017.11055,13748.42978,14216.709,13680.89991,12524.22905,16248.99332,13621.13943
"4-Aminobutyric acid","HMDB0000112",15251.97379,14880.11686,14601.9895,12435.56952,13996.58945,16354.91829,11751.70038,10813.69652,11745.47127,14712.64733,15596.231,14968.90471
"p-Cresol","HMDB0001858",8602.490769,14202.20851,11727.0525,10879.86429,13010.571,10951.53383,8522.696,14513.11541,11080.21639,10511.05364,13305.97271,12696.91933
"1-O-Octadecyl-sn-glyceryl-3-phosphorylcholine","HMDB0011149",5310.271588,9799.362054,6037.70895,15740.39444,13467.08417,14335.56738,16525.592,25956.72777,20807.92533,9536.749765,12445.85382,16568.46676
"Hydroxyphenyllactic acid","HMDB0000755",9341.332429,16459.40539,14825.27738,6728.832,9358.875952,9981.86535,7540.0455,11268.43479,10373.17493,15460.89329,15978.5849,19548.85545
"4-Hydroxyphenylpyruvate","HMDB0000707",12737.14403,13307.54925,12735.96131,12773.58677,12853.07525,12851.71579,11579.63438,12624.82005,14040.82418,12245.94616,13490.94373,11309.38629
"Salsalate","HMDB0015471",3872.406125,18890.2465,13989.81743,3995.336535,7106.72025,10499.67525,9173.917667,16361.15074,10251.41281,15020.69959,15607.19729,19890.39042
"Xanthine","HMDB0000292",5229.85372,5815.7041,7955.212211,13301.63947,12911.17647,10955.97627,17514.45995,22163.36195,19089.99756,9668.7621,12899.25,10447.33219
"ADP-ribose","HMDB0001178",19824.39492,15236.51938,13215.91132,13975.6452,12259.407,15039.47308,10726.85877,9737.937,11766.47192,12226.427,9826.34112,11633.38283
"1-Myristoyl-sn-glycero-3-phosphocholine","HMDB0010379",10787.65857,10978.04167,8055.34128,11042.815,15931.84543,16753.24297,9006.98676,13339.88854,11377.17941,6647.179375,8050.447048,11761.02046
"3-Hydroxyanthranilic acid","HMDB0001476",17143.10212,11305.28116,11440.41066,15613.07857,13633.71333,15317.03333,11626.08,6220.5944,10025.6743,12616.23675,9922.016625,13142.1125
"Picolinic acid","HMDB0002243",9030.255643,8843.699571,9125.207,8375.869286,11978.61706,10045.68271,11602.49333,11564.7686,16570.07144,13800.64933,14573.377,15440.6477
"(+)-alpha-Pinene","HMDB0006525",12646.7235,12199.56775,10250.81508,11754.09936,10138.16433,9295.30944,12650.65961,12034.36131,13032.73863,8841.488,12048.0212,14294.3943
"Aldicarb",NA,9980.812641,6514.737427,6268.112345,7349.772228,5239.722551,15272.61803,5871.263689,10402.2904,9281.858522,6683.561698,11885.91078,6736.8654
"3'-Hydroxyropivacaine","HMDB0060962",9243.24425,13117.234,12162.276,8212.651625,10760.90235,12971.60638,8810.2,12442.0692,10119.2525,12645.30667,11786.6,14321.1698
"Arg-Val","HMDB0028722",11816.892,12171.32364,11828.20364,11713.59267,11635.66868,12925.65064,10941.52917,11140.662,12711.87822,10835.52395,11148.39287,11765.1192
"Vanillic acid","HMDB0000484",4392.269,11161.55632,8561.228683,16917.81864,6578.313684,18073.01318,7645.543714,16460.76157,6897.535,12070.86326,17122.01755,10371.90882
"Sulfadoxin","HMDB0015413",11254.14767,12300.16493,11080.68325,12362.95211,11640.65692,10150.7527,9443.621145,10894.24128,14493.41282,14478.6345,10129.38429,12008.0394
"Adrenic Acid","HMDB0002226",8721.482368,11119.3412,5789.104385,7989.275769,9486.488,8490.594421,35283.21684,9950.862857,7838.208,12191.82095,10318.65198,17262.95577
"D-Ribulose 5-phosphate","HMDB0000618",4144.09491,5148.36,4861.241,2646.00625,3822.762195,3738.233529,2407.52595,3193.007692,1526.7075,35529,30568.91667,33197.81333
"Adenosine 3',5'-diphosphate (PAP)","HMDB0000061",9536.875,15034.00269,14402.25158,7657.460652,7707.6146,12047.49652,8321.693182,9476.26232,13204.1595,12167.30867,15519.24943,19373.27079
"Phenol","HMDB0000228",10614.75042,9556.079435,10452.24813,10514.74626,11603.8425,11779.0855,10985.18787,13458.35826,12768.443,10937.1708,9718.986958,11016.02117
"Lumichrome",NA,6000.281773,6192.891907,4690.419934,3432.008118,24889.60941,3985.118913,1415.73375,24488.02644,24165.89786,7356.983765,8580.942783,24676.39716
"Arg-Glu","HMDB0028708",8438.984217,11252.93525,11244.58554,8625.92713,8974.953652,11342.99674,12237.432,14061.35059,17928.56432,8253.506333,9564.846208,12066.33344
"Glycerol","HMDB0000131",10812.02245,6258.4235,12702.37416,9039.607762,9935.423542,10115.63727,6241.555864,6637.994182,13031.8996,7369.475789,7066.6365,7483.284471
"N-Acetyl-D-Glucosamine 6-Phosphate","HMDB0001062",7012.337778,8338.38819,8719.881739,5520.235474,7026.656318,11925.94322,8720.349474,13641.48703,10340.79514,13408.36261,11676.10843,16376.62635
"Azelaic acid","HMDB0000784",8962.45685,9997.860895,9580.179632,8858.883571,9998.303333,8981.463333,9446.749,12448.04163,10424.42868,9842.250963,11070.12095,12169.865
"5-Methylcytosine","HMDB0002894",16093.22472,7034.098885,6441.217311,12361.14531,14334.39255,12900.5289,6666.769387,8047.926752,7489.26192,8020.15648,6778.824725,6502.463767
"2'-O-methylcytidine",NA,13608.74257,13812.65167,30118.9166,5908.891429,6116.566187,9440.205517,7407.945103,8355.682462,10512.5904,9457.297677,9270.951385,10899.3831
"D-Xylose","HMDB0000098",5026.551176,4877.130573,2944.4401,6743.5517,6642.508,13556.21558,1779.775688,7137.190737,8415.394714,5951.25,8974.292722,8666.844412
"D-glucosamine 6-phosphate","HMDB0001254",3953.367,12485.54699,6866.230717,13745.33874,16651.96125,13226.67105,2979.561231,7802.414,10827.78012,8210.033968,11717.64849,13476.55613
"L-Isoleucine","HMDB0000172",6105.909789,6505.123436,6044.1275,12092.49133,27656.15506,12675.37429,8821.78875,9077.82055,11167.78055,8675.550333,9229.0716,9713.04295
"Cytidine 5'-monophosphate","HMDB0000095",9669.180037,11169.91008,11000.72875,9987.520889,10142.75186,12317.23385,9576.5048,9834.301174,12251.9727,10292.7817,9045.456615,11607.40054
"Xanthosine","HMDB0000299",6950.774056,10621.6975,10618.3362,4555.820606,5460.84,7582.788083,8426.660211,12773.89045,10976.26027,12867.91582,11560.61773,11829.43213
"Bethanechol cation",NA,17244.12,16642.79871,17065.152,7928.8342,8562.149727,10040.1942,7225.0542,7054.926882,8710.184259,8264.000412,7369.857,9340.140409
"Lys-Val","HMDB0028964",5838.3801,3988.601964,2258.572556,9242.311226,6728.260857,12678.42231,8673.029267,9577.798033,11403.63911,15552.45515,14817.62923,9393.962966
"Fexofenadine","HMDB0005030",9254.583,7972.553889,6955.2,9855.861842,16000.2661,13322.99243,4954.163,7104.426,5839.583,5192.999437,5119.693789,4946.972632
"Jasmine lactone","HMDB0033700",14594.63833,15437.99732,6474.049836,8115.945643,11714.68716,9838.521081,16141.05429,10749.11025,9856.569231,3920.538176,4441.909333,10346.049
"2-Ketobutyric acid","HMDB0000005",9180.414217,8681.8975,8276.071417,8684.660762,8416.539,9185.238667,9666.596909,8730.105818,11484.51357,11380.24725,9948.821391,11290.4246
"L-Leucine","HMDB0000687",7249.893333,7433.291391,6695.668,10878.95393,10322.29852,12057.32533,9724.074286,9035.228571,11744.89235,8811.07,8067.128333,10329.438
"Tyr-Thr","HMDB0029115",8993.232444,9706.996375,11299.10174,7106.56875,9651.199462,9558.696423,7540.823125,8113.307444,8371.682308,10033.98522,11127.05192,13057.28208
"Urocanic acid","HMDB0000301",4529.333455,3244.388571,4616.335385,5804.914182,8956.697083,4986.3505,4473.064692,10984.40445,8038.040111,7688.689,11465.31944,11671.94356
"Pelletierine","HMDB0030324",12157.64538,10446.8949,7875.0895,8706.645647,7947.103273,8910.706273,8073.228,9419.951667,8657.908364,9184.876038,9913.336273,8073.90775
"Malonic acid","HMDB0000691",7234.814053,8409.869052,9115.02,5957.287316,7209.906344,7610.83035,8167.197118,9428.245278,9707.488776,10459.31353,9477.373467,12371.148
"D-Ornithine","HMDB0003374",12507.17783,4770.877722,2720.652375,7471.128176,6111.853313,7761.007222,6517.363529,5759.931,7448.046696,13569.77438,5756.688955,5901.173667
"trans-Vaccenic acid","HMDB0003231",21865.57789,7534.711476,3110.651429,9219.471621,2920.388667,1718.8708,4997.96581,5114.486667,10661.16559,10191.35833,5990.916,24821.53232
"Acetohydroxamic acid","HMDB0014691",9387.016364,9171.516364,8888.312389,7904.102542,8799.339043,8814.105087,8795.282417,8310.819375,9410.413783,8658.492938,9325.797143,10664.61833
"Lomefloxacin","HMDB0015113",4791.716806,9488.197667,10498.80837,4830.948371,4477.846785,4098.951178,5566.074923,10223.85891,10731.42625,14696.43518,8342.915091,12440.052
"3R-hydroxy-butanoic acid",NA,8361.184615,8859.094688,6270.84596,14478.97945,15451.28827,13915.46429,5107.951455,8930.457273,9313.48,5229.88969,12822.20112,3296.379166
"N-Formylmethionine","HMDB0001015",3281.258857,7847.859765,8123.006154,7533.908455,6262.091429,12988.92,5266.334867,11617.08909,7745.528571,8159.581429,9234.06,11105.88769
"Pro-Met","HMDB0029023",9817.542471,9614.874667,10674.43367,6887.1,8623.328276,7984.9,8389.293,8623.494056,9779.592667,7971.867647,7717.051059,9149.156833
"Adipic acid","HMDB0000448",11857.64136,7439.12,8157.765,7651.262,7070.138889,6226.938,7802.125294,7398.259556,7814.216778,12202.54065,7457.946222,12068.70302
"Ethyl hydrogen malonate","HMDB0000576",9638.4812,12820.67217,6337.964286,8584.071517,5280.507429,14662.14111,5205.885714,10570.63857,6958.89,10554.61275,11339.28269,6539.965714
"MG(18:2(9Z,12Z)/0:0/0:0)[rac]","HMDB0011568",7225.67976,15884.48931,9551.1746,12776.456,10495.17313,9912.2716,11017.955,11097.06675,6505.215769,5850.4775,7411.8282,6969.2028
"Quinaldic acid","HMDB0000842",5283.746462,11511.0349,7829.232889,12593.67948,7391.031429,8734.726884,8047.714286,7388.955,13556.91815,7451.507,5816.356,8737.844211
"6-Hydroxydopamine","HMDB0001537",7285.741364,6817.046636,5688.867857,7444.691455,7159.891455,10657.71041,7453.934286,10908.31543,11143.83209,7351.781111,9313.884955,7748.397409
"Isopimaric acid","HMDB0036811",21314.80764,9956.38,6396.8025,5315.916235,6451.197457,6481.615898,6618.34055,7435.376667,7353.92869,7784.076857,6209.916998,8714.094308
"Ornithine","HMDB0000214",11482.31517,10002.52683,7252.452727,7957.126348,6323.610875,7008.289409,6631.116591,7527.084783,6764.372476,6699.284167,12299.56218,6333.473273
"Floxuridine","HMDB0014467",4076.735435,4173.713,3616.79675,9649.848111,9188.0635,13221.33977,11517.02667,12126.4805,13492.56932,6101.6884,5222.1312,5587.691857
"alpha,alpha-Trehalose","HMDB0000975",7029.709966,10269.0251,9578.955,5030.907762,6310.813929,6730.047778,5883.222429,8069.509,8011.176,7020.338469,7044.240889,11142.03316
"Buprenorphine","HMDB0015057",5472.926174,5589.090833,2640.049733,20328.21413,17274.28914,11848.05,10304.23542,8375.915294,15160.7831,4237.912574,5186.976947,5007.447684
"Cyclic adenosine diphosphate ribose",NA,4097.225,10446.7167,11409.36305,2021.48144,3539.168667,5544.36305,3233.684923,7982.9953,4438.738333,7756.513947,11694.72945,15089.56905
"Aklomide",NA,5234.36375,8006.812188,11057.31627,11967.46343,5808.8485,9570.517838,10997.69329,9066.77625,3902.486,7487.805,4944,4245.512
"2'-Deoxyguanosine 5'-monophosphate (dGMP)","HMDB0001044",5917.74087,8898.7248,8461.565333,5027.614667,5851.64432,7429.642955,4526.558038,6929.679304,5358.898947,9454.489,9212.0265,11945.894
"Methoprene (S)",NA,7788.932,32589.1902,5784.835,6496.997,9620.197348,3944.408182,5803.456813,4539.946667,6676.28,6645.0125,7277.4,5110.567385
"Tyr-Arg","HMDB0005768",7339.50015,10831.83,8879.848462,4878.9486,4909.813652,7218.921391,6061.456045,6825.348947,9816.5735,8952.7993,11062.71447,12382.00222
"N6-Acetyl-L-lysine","HMDB0000206",10202.05473,9467.492273,7407.593636,7407.987273,6298.022261,7403.801565,7212.359304,7876.75013,7731.903773,6937.904522,8648.974435,7143.527773
"L-Aspartate","HMDB0000191",5267.971619,10683.40033,8828.360773,4536.361402,4651.460082,6257.400129,4507.497792,8353.996607,4876.461333,8564.106475,7308.309381,9407.755103
"Diethanolamine","HMDB0004437",9019.794,6978.015869,6536.486695,7894.572233,7737.56975,7945.2984,6472.781954,7769.951036,8077.1672,7126.317123,7928.793567,7227.825567
"Primaquine","HMDB0015219",15706.64842,13931.419,13968.72695,6816.917714,6461.321143,6779.373158,5049.406545,4671.905318,5154.580375,4340.366889,4946.794286,5238.7776
"Hydroxyacetone","HMDB0006961",6648.008362,4616.251443,4528.408016,4640.138909,5289.684318,7396.061586,4664.679276,5583.697,5613.939692,3925.632034,11913.87401,4778.030824
"Nicotine","HMDB0001934",7832.9025,7947.371939,6892.559586,6875.767495,7452.814584,7160.267114,3213.817,3838.673333,11063.57574,6871.413199,5592.921364,2767.2375
"Garcinol","HMDB0039154",6207.897056,8131.016182,2688.416325,11015.66037,11762.70776,5638.6935,11576.605,5961.431538,18772.57857,5802.72,6827.3,7490.7216
"Monoethylglycylxylidide (MEGX)","HMDB0060656",647.2571429,1606.3281,2993.51332,26475.06145,2770.468235,3927.667059,2741.457692,3233.153083,24413.79985,2080.661111,21756.70804,4048.562868
"N6-Methyl-L-lysine","HMDB0002038",5297.362304,7975.252,8382.629391,4627.626455,5601.538435,8107.74855,6145.385913,7368.271304,10863.55475,6460.041,7341.665,7749.453545
"DL-Norvaline","HMDB0013716",4419.998429,20086.58046,2574.388657,2857.886462,17896.08285,2273.185417,2499.550982,2432.821833,24874.1192,2761.459084,2544.712782,2552.911375
"L-Gulonic gamma-lactone","HMDB0003466",4851.433889,4776.865053,6435.818524,7902.5436,5238.065368,6049.81,10012.72186,7573.076778,6329.68832,10081.17,9003.912944,8282.503895
"1-Methylhistidine","HMDB0000001",7067.209471,9773.8791,5591.08613,6669.337182,6625.639181,8038.846261,5384.136955,8759.357838,6275.205048,3354.830222,7074.828857,5379.1275
"Indoleacetic acid","HMDB0000197",5172.06595,8665.549286,8395.906571,5418.398526,6671.48034,4905.83105,7524.456,6077.501182,5252.76072,7030.263333,5422.911476,9184.3895
"4-Hydroxybenzaldehyde","HMDB0011718",4708.47075,6611.610333,6549.575167,4874.989375,7483.597625,7165.624263,6078.634118,6020.63755,8551.647273,8539.305667,8138.998718,8462.143625
"Uridine 5'-diphosphate (UDP)","HMDB0000295",5465.772,6377.385667,6073.267,4888.618824,5089.262222,5954.8305,5847.910895,6379.253368,7156.916667,9534.142167,9456.849474,11846.52295
"Dulcin","HMDB0040616",9013.697955,6465.498789,7011.630857,7131.233696,6624.466857,7099.189773,10772.26714,6894.720333,10752.61438,5544.8999,3933.110071,5451.9914
"Mexiletine","HMDB0014523",6753.227929,6752.225304,6806.358,6409.615826,6397.105909,7957.906171,6489.006476,7701.997869,6673.186826,6022.60383,6713.033514,7001.892087
"N-Acetylglucosamine 1-phosphate","HMDB0001367",5980.973448,8265.716407,8648.244,4107.753,4715.31125,6293.01444,4001.798,6153.585034,5224.180625,8032.318333,8140.4598,10638.94743
"N-Palmitoylsphingosine","HMDB0000790",7834.932182,12131.083,9389.729714,8509.982455,8567.747833,11776.30786,10050.51475,7380.674,4463.70705,4317.949588,3784.7355,4890.329294
"Cytidine monophosphate N-acetylneuraminic acid","HMDB0001176",1991.957333,5778.140692,5300.41292,2534.813357,3577.215714,7275.213964,4248.971778,10823.90824,5404.205625,4908.018143,7651.213846,10405.70006
"Arg-Ala","HMDB0028702",7446.843304,6615.114348,6767.167458,6051.801304,6819.159913,6891.782136,6662.11725,6802.997174,7531.879304,6137.621905,6600.56485,6656.025478
"2-Deoxyribose 5-phosphate","HMDB0001031",15975.76607,4652.8064,6595.068848,7750.754226,6401.064618,6178.381387,6080.301509,4066.798118,6002.06955,5962.692091,5739.999268,5353.416363
"Glutathione disulfide","HMDB0003337",3362.395833,8388.940333,9406.886192,3288.124553,5324.462231,8356.8384,3197.604548,6748.78604,7009.015033,5837.640571,7825.028846,9520.108952
"Maleic acid","HMDB0000176",4070.952144,5859.844178,5085.467912,3861.7076,4632.784063,5982.8125,4474.620331,8769.108571,3217.011318,6071.781396,8779.684444,9723.624666
"Cholesteryl sulfate","HMDB0000653",7582.893498,6429.962615,6165.651893,9413.237531,6193.548978,6514.83082,6340.803087,6281.15932,5442.73395,3762.399375,6789.344116,6361.569371
"N-Acetylneuraminic acid","HMDB0000230",2202.289714,3054.689,3098.417822,5002.931036,5425.177043,9584.66465,6243.367429,10705.7089,7441.236227,4373.545828,5984.2875,6128.51125
"Uric acid","HMDB0000289",2431.814222,5739.600941,3580.932857,3748.7575,3566.8815,7859.434176,2626.173,6435.878722,4222.33,8353.83,13829.00368,9299.856111
"Phenylbutazone","HMDB0014950",7524.853312,8303.611256,6492.841941,5273.223347,6247.942642,7546.756977,5816.946111,8497.948235,7639.042353,3793.745455,4528.565167,6122.675889
"1-O-(cis-9-Octadecenyl)-2-O-acetyl-sn-glycero-3-phosphocholine",NA,4657.067095,8633.09219,5365.214857,6616.213952,6916.441905,6348.68,9428.045846,6972.56715,6377.69145,3653.20125,3600.427095,6814.4565
"L-Tyrosine","HMDB0000158",5996.9585,6920.047696,6999.66,5834.157424,5800.924739,6675.893395,6319.152174,6922.557391,7110.77815,5979.248,5329.95749,5679.4815
"Monomethyl glutaric acid","HMDB0000858",2738.543562,3029.499773,1191.611636,1569.943416,1361.739606,11360.95785,1299.114096,1560.720667,2000.647318,1330.033096,4057.49268,2046.094105
"Val-Gln","HMDB0029125",4445.333125,4791.96,4866.4125,6352.062381,6549.339048,7169.998364,6230.62,5921.379222,7554.305,6490.687125,6865.405238,7725.364706
"Val-Met","HMDB0029133",8302.482438,6536.675105,4802.082,5253.49895,4370.147333,4687.975,3730.925455,5358.585692,5133.215143,7212.3135,5250.573636,5931.177571
"DL-Methionine sulfoxide","HMDB0002005",5524.573421,4418.809429,3893.147682,7726.747818,7322.694444,7999.9139,5577.826043,5453.868095,9340.841846,4007.842611,5594.626636,4929.806842
"Quinate","HMDB0003072",3549.327096,4860.077626,5420.085381,2841.925269,2932.84,3849.066727,3933.815194,8165.53581,6233.335407,3812.232938,8182.35585,10248.17189
"Glycochenodeoxycholate","HMDB0000637",2795.39425,7867.348094,2825.295286,2923.728769,3391.719063,9478.327364,4628.668235,8553.219741,5250.368118,4066.458571,3955.3052,9584.822857
"Mestranol","HMDB0015446",4579.758595,6091.213826,4183.346607,3746.36132,4302.814,5141.363891,3613.776917,5007.699911,8822.221333,3884.365866,5945.11315,7458.158429
"Lys-Asn","HMDB0028946",5123.015444,6181.6412,6228.541818,4492.222222,4845.498857,6033.888,5829.384,5110.512,6782.82,6442.168444,6883.776,8077.739
"Benomyl","HMDB0031767",2941.145903,3030.089562,2964.293642,4220.624051,5021.315222,7192.822569,7094.240423,5578.10314,5866.302667,6980.726318,8066.22019,8907.099474
"1-Palmitoyl-2-oleoyl-sn-glycero-3-phosphoethanolamine","HMDB0008927",5740.367063,8416.765367,7943.606722,12014.69256,9255.180383,11425.75083,6298.953,6910.512478,2734.640769,2403.185678,2555.042651,3199.003208
"Phenylacetic acid","HMDB0000209",5319.545,5524.764,5153.325375,4818.58,5225.76,5217.895,4713.5125,4761.6498,5815.425,5442.108,5341.816667,5095.257375
"2-Hydroxyadenine","HMDB0000403",5208.731105,4915.042091,4676.801609,5445.071522,5686.075,5764.791667,5295.632727,4735.655294,6200.510455,5593.716412,5692.357476,6633.2925
"Palmitoyl ethanolamide","HMDB0002100",4356.7338,9825.29625,9639.36908,5126.47408,5196.58975,5280.81575,4971.597091,6493.067258,4067.465625,3596.065,4944.891292,5766.1762
"Rosiglitazone","HMDB0005031",17890.01653,1889.097,1976.000332,22411.65759,2742.575798,5478.665803,1721.736,2362.971545,2903.229692,4132.348591,5300.890138,2384.160773
"Acyclovir","HMDB0014925",10862.99056,5116.280867,7515.2412,3974.160789,4047.218609,7469.511704,4224.783328,5773.791231,4936.870783,4406.159105,5544.847,4453.935677
"D-Glucose 6-phosphate","HMDB0001401",11692.50026,5429.31675,4325.457769,11900.23176,3162.7902,3179.258,1805.726,4393.86,3294.612444,5334.341846,4788.471857,8467.402308
"L-Carnosine","HMDB0000033",4660.04,5942.872727,5869.632857,4511.911,4434.031111,4868.982,5084.191,5502.849412,6368.52,5881.039444,5689.64,6151.527273
"UDP-D-Galactose","HMDB0000302",4184.672227,5497.556409,4541.882136,4083.162696,3726.842,4728.29255,4606.155029,4991.146286,5289.9075,7502.837,8093.59875,8833.752545
"3,4-Dihydroxymandelic acid","HMDB0001866",4045.1125,7188.3135,4811.621905,4270.634609,3958.957895,4533.218451,5205.291861,3708.376826,5814.623045,3563.337176,5181.742429,8117.923318
"1-Palmitoyl-2-hydroxy-sn-glycero-3-phosphoethanolamine","HMDB0011503",5922.559682,5172.056522,4328.38,7651.735,10616.97581,4900.278947,7499.7765,5613.445569,6582.680762,4708.250105,2680.6492,3236.387357
"epsilon-Captrolactone",NA,9769.781,5882.2524,3914.650473,2705.557059,5541.91786,4902.201381,2987.274545,3471.724444,8133.140772,7369.588682,4151.128667,3639.233217
"1-Deoxynojirimycin","HMDB0035359",5438.5635,5371.383067,5863.5291,5250.354611,5315.4585,5241.867682,4627.086409,4879.412688,7226.061045,4573.775294,4265.701706,5413.565765
"1-Oleoyl-sn-glycerol 3-phosphate",NA,4702.086947,4595.008421,4749.973759,4671.576579,6850.070759,4924.949316,2320.997,5195.960258,3287.884737,2709.398188,2741.984474,3156.682
"Anthranilic acid","HMDB0001123",4395.65,4486.58125,6482.741176,4620.436364,4594.101067,6157.3645,3805.896056,4028.871,6296.085714,7901.53,5203.1075,5818.842
"CDP-ethanolamine","HMDB0001564",6777.823091,7260.816316,6278.426278,4784.834773,4563.8684,5375.720636,4254.183043,4503.872348,4955.065882,4687.4888,4555.208381,5438.21165
"Glycerol 3-phosphate","HMDB0000126",1501.245308,3228.654,3112.994118,1684.857778,2456.285727,4205.1824,1917.2019,3000.687684,2951.121643,10916.81338,11084.975,11971.98569
"Pro-Ser","HMDB0029026",4331.866583,5010.149,3028.341871,4688.713893,3874.3812,5245.4475,3832.226739,5138.97216,5362.18208,3680.181667,5326.930583,5062.421741
"DL-2-Aminoadipic acid","HMDB0000510",3381.155556,3090.978889,3504.222,1294.82,2216.7875,3713.562,2104.84519,2651.163735,5416.321,1926.0072,3852.68,7566.472727
"Taurocholate","HMDB0000036",2828.588643,4204.483357,4372.407937,3951.761538,3826.5625,4588.429231,4892.025,5230.756632,4365.037333,5452.728769,5557.441909,6495.6345
"Nitrosobenzene",NA,8644.165636,3828.521318,2681.708087,5055.511429,4181.266667,4353.395478,4304.330182,3219.392,4082.282652,6101.34,3209.7975,3770.673652
"Methyl acetoacetate","HMDB0000310",3470.6835,4327.19524,3456.002125,4357.799167,3819.387469,7011.995625,3344.260792,6380.744182,5635.407864,4155.129412,6939.495958,5103.398348
"N-Acetyl-L-glutamate","HMDB0001138",4995.056571,4640.584143,5038.494762,4470.494105,4194.860368,5631.018,4973.479286,4031.000952,5975.259273,4421.228941,4579.027714,4999.647571
"N2-Acetyl-L-ornithine","HMDB0003357",4027.977563,4158.426333,3958.346778,5777.112235,4127.566235,8024.839786,3423.722667,4972.978143,4789.088773,4369.969091,5151.021333,3676.070125
"4-Pyridoxic acid","HMDB0000017",3263.185727,4692.051,5401.592435,4593.002273,5133.338591,4762.183364,6025.944727,4629.183087,7744.972,3961.688421,3087.008875,4805.799227
"Pro-Phe","HMDB0011179",6479.461353,4907.119563,4011.915526,3877.917105,3550.630563,3443.317857,3670.155667,4829.1815,5296.124375,4727.68,4910.815,4530.062
"D-Mannose","HMDB0000169",3248.884167,5169.419412,5313.064412,2836.735556,3566.31,4874.2195,2878.039615,4917.362625,3136.569333,4769.302588,5301.703542,6214.667447
"Stearoylcarnitine","HMDB0000848",3341.253333,6041.866667,5104.500267,6854.842944,4884.66,4455.370579,4548.961182,4565.696217,3175.912,4355.006348,4192.152778,6120.5625
"Pyrrolidine","HMDB0031641",4097.902696,5137.643842,4824.343331,3471.838676,3581.055683,4367.128551,3377.926227,4869.317162,4459.981845,4018.050684,5519.704826,5156.676455
"Pyrethrosin",NA,39634.82357,1638.939517,1411.1872,3186.687895,1337.130667,1249.4482,1119.602759,2091.181,2393.49125,1281.364963,1376.352,2288.7075
"9-Decen-1-ol",NA,9405.338182,2948.997333,2740.134682,5225.619875,4766.003125,2627,4934.76,4450.592045,5222.2585,3168.901364,4058.294118,6979.756033
"Mevalonic acid","HMDB0000227",1662.055714,4103.75,3795.792,2364.466983,2181.645833,3663.466,1101.499167,1498.033706,2343.04676,8744.649375,7812.441882,8718.253629
"Pro-Thr","HMDB0029027",4143.354115,2816.194292,2301.946338,3284.236519,1967.493529,3949.284714,2287.496714,2869.073154,3054.364435,3505.5,3989.9509,3746.660692
"Propionylglycine","HMDB0000783",3254.31525,10258.57565,4306.807,2988.91812,2123.327778,3966.075579,4406.1836,3266.1725,7936.192801,2204.424857,3887.6994,2460.688
"2-keto-D-Gluconic acid","METPA0825",4683.469219,3313.210317,3242.003011,4187.942571,5603.530253,5223.817385,4094.3448,2405.626286,3081.001276,4117.051,3215.362205,3601.74719
"3-Hydroxyisovaleric acid","HMDB0000754",962.6276154,4642.751108,2418.141176,5008.023289,2973.667143,3883.922,3372.92,2497.96575,2818.249737,2210.436125,4204.101,5984.090316
"Argininosuccinic acid","HMDB0000052",4467.562667,3994.589462,3684.902292,3289.252406,2917.57,3682.297667,4535.354708,5405.82,5331.361913,3191.142778,4507.741448,4085.213375
"Tyr-Met","HMDB0029111",2988.139091,3591.845077,3448.758,2943.18255,3062.419167,3467.60519,4706.227381,5455.150952,5850.736714,4422.875421,4782.185,4624.791208
"Tyr-Pro","HMDB0029113",1440.7844,4586.308235,3759.348387,4201.17254,3949.453992,4044.025652,3557.329072,4072.390893,3918.185551,4118.081559,3538.148098,3790.312429
"5-L-Glutamyl-L-alanine","HMDB0006248",3897.242968,3806.585272,3432.364655,3457.931037,3385.737065,3630.927481,4683.363346,4979.156708,5999.015746,3531.145125,3165.033071,3599.025652
"3'-O-Methylinosine",NA,2568.359696,2889.27,1078.21,2950.849067,3551.295821,3912.249237,2660.865789,4700.042667,5366.724811,6146.551302,4929.928421,5697.40975
"Zingerone","HMDB0032590",5778.594351,1816.643333,3111.784911,4767.337584,1966.2,2647.588558,5388.626821,3685.3,3938.784818,3688.146,1514.304132,4610.940813
"Thr-Ser","HMDB0029070",3971.591294,3890.745122,2823.672667,3304.4765,2882.35215,5150.351389,2815.443333,4126.894394,3953.934571,3544.639313,4436.967857,4073.0157
"Uridine","HMDB0000296",2461.61472,2231.257895,2501.972672,2589.032348,3374.525875,2563.787333,3798.734,3500.356292,3591.3612,5084.944412,5084.8655,6115.095
"Glutathione","HMDB0000125",6112.926857,3156.95625,2639.914125,3683.613706,3222.216667,3961.676897,3481.624176,2211.421141,3851.365267,5099.757143,1979.762,5580.404789
"Ginsenoside Rg3","HMDB0039546",9394.057968,3450.584813,3092.797395,5099.845901,8261.398088,3438.415939,2940.637833,2899.661471,4762.698357,2992.315669,3157.733192,2903.172788
"Lys-Pro","HMDB0028959",6673.5017,2856.387088,1588.8895,5020.1548,4394.502176,2961.771639,4093.389364,2040.832,3183.91125,4888.9425,2229.606857,2113.989706
"3,3-Dimethylacrylic acid","HMDB0000509",4175.711591,4105.481455,3331.939095,3731.646818,3394.597762,3256.533818,3646.104455,3547.038217,3566.067043,3046.008333,3934.56,3258.954955
"Deoxycytidine","HMDB0000014",2058.37725,1665.5805,4392.184105,1173.872,1643.65,1914.64,1611.044678,2056.918889,1926.963333,961.35,17534.47143,4303.051059
"Galactonic acid","HMDB0000565",1927.509869,2954.96523,2533.851388,1690.97065,1804.571342,2802.63331,2067.375403,2826.993105,2226.811436,3288.72525,4833.139864,6444.5715
"(R)-3-Hydroxybutyric acid","HMDB0000011",3834.341346,2389.089346,2385.654545,3195.603,2200.885133,2616.175845,4731.406588,3221.76465,4474.932,5033.921846,4522.33575,3675.485913
"3'-O-methyladenosine","HMDB0006023",964.6398528,1532.032714,1071.492284,818.8461171,783.380127,6456.720652,661.4918584,1186.389171,1687.896792,719.3760848,2852.267875,1471.592348
"Arg-Ser","HMDB0028718",3221.45385,3484.21255,5068.595381,3080.78745,3182.627286,3394.867667,4582.528636,3632.8976,4071.302,2744.229889,2736.23525,3468.91255
"Linalool oxide","HMDB0035907",4030.16841,3303.441602,1666.055238,3747.4,3424.466522,4802.325395,2163.732421,3509.698473,3008.187,2929.267951,3398.98575,3280.624941
"Scopoline",NA,2559.04,4595.827835,4793.937479,2688.895711,3330.484521,3930.439231,2359.618182,2848.450562,1987.3,3115.969643,3609.022938,3641.302
"D-Aspartic acid","HMDB0006483",2899.9125,3115.987727,2613.711273,2536.292667,2440.933091,3127.4672,2784.255,3045.468087,6022.878623,2725.89213,2855.733214,3594.822
"Norharmane","HMDB0012897",3117.61,2926.933333,1879.37,3193.796667,2179.772105,1802.543333,3677.8,2275.552,2666.715455,2512.175,2886.42,3685.04
"5'-O-methylthymidine",NA,1736.587882,2754.15,3114.413333,2142.342,2142.680294,2791.895786,2207.585762,3166.725333,2745.235,3534.97625,2775,2869.858333
"N-Acetylputrescine","HMDB0002064",2145.57,2914.258,3032.547955,2014.987182,2203.452529,2547.997944,1942.997182,2208.91065,2533.897059,4087.193684,4322.9117,3839.924111
"L-Anserine","HMDB0000194",3320.809333,3525.709176,2415.091333,2648.6,2373.493333,2740.97,2893.36,2884.976765,2548.44125,2793.059667,2888.029583,2662.434
"1-Aminocyclopropanecarboxylic acid","HMDB0036458",3238.33356,3294.973646,2151.930577,2206.27764,2810.128462,2880.749608,3212.187134,3019.959961,2504.03712,3125.876314,3180.981537,2724.046875
"Hordenine","HMDB0004366",1731.385522,2362.218906,2009.28284,1713.95835,1377.353821,1787.172084,2330.519404,1315.346045,1870.790627,2669.525091,1532.930142,1929.992818
"Amentoflavone","HMDB0030832",503.123291,2965.11156,2551.191765,426.4801254,717.9748535,1551.961667,519.1621817,3366.055,1089.496154,1974.7812,4355.212481,6073.147826
"Pro-Ala","HMDB0029010",2502.376176,2819.64705,1322.886111,2790.43,1783.680894,2853.208235,2246.029412,3539.994143,2950.9145,3595.68,3053.315864,2713.614286
"Glucosamine","HMDB0001514",1516.559895,2783.963158,2119.32,1640.88,2016.473947,3652.611235,2216.64539,3174.08,2425.936986,2673.8,3152.252,3124.1426
"N-Acetylaspartylglutamate (NAAG)","HMDB0001067",1393.514467,2861.708722,2236.542,2075.222745,1603.431556,2983.319444,2314.147375,2512.182,2648.813632,2970.606154,3009.834571,2945.060529
"His-Gly","HMDB0028885",3323.772308,3113.193476,1861.7405,3355.383235,2456.3646,3693.8025,2474.778947,2579.956,2400.585,2076.003,2069.306364,1760.625357
"Deoxyinosine","HMDB0000071",867.6708,1379.198333,1546.004333,1076.360242,1141.467,2202.879727,1734.203063,3924.3,3277.981538,2993.438,4023.39,4677.008143
"Homovanillic acid","HMDB0000118",2202.09863,2696.709167,2381.874105,2232.974615,2348.191345,2766.579808,1970.64056,2269.742059,2624.852138,2969.14325,3265.452235,3622.94708
"5.alpha.-Androstan-17.beta.-ol-3-one",NA,4438.935368,865.648,1623.755519,1856.826427,1295.600752,1598.888718,1663.259308,1609.111453,4024.40675,2088.90303,1563.847561,8323.7232
"Guanosine","HMDB0000133",1509.080222,2471.652944,1674.143333,1464.349286,2250.50875,2427.343111,1719.569429,3038.168,2079.501563,3281.333813,3061.955556,3416.796214
"gamma-L-Glutamyl-L-glutamic acid","HMDB0011737",1015.080826,1207.501765,928.2371429,1313.679708,1321.967706,2571.08,1815.02656,1821.913917,1540.372518,5224.4892,3737.6,4759.1845
"3-Methoxy-4-Hydroxyphenylglycol Sulfate","HMDB0003332",5530.031129,1091.5938,2749.900375,3080.473599,1504.4613,2299.771353,2764.882673,1318.464583,4293.795443,3684.800937,714.0569,1035.501545
"Uridine 5'-diphosphoglucuronic acid (UDP-D-glucuronate)","HMDB0000935",1436.825323,1955.8696,1714.179556,954.38448,636.1975,945.669881,1130.108556,3821.024706,959.0219355,2254.467783,3737.382333,4576.747059
"Salidroside","METPA0744",1711.558059,2513.924833,2744.446687,1289.836696,932.3335714,1835.165789,1566.218733,2149.76,1996.586667,3071.78025,2586.643875,3115.197563
"Dihydrouracil","HMDB0000076",1805.786364,1827.911647,2026.610756,1805.465609,1376.795,2856.247333,1824.937859,2517.302864,2023.9216,1775.871,2997.4605,2388.594286
"Ile-Arg","HMDB0028901",2162.619455,2192.9535,2139.853203,2083.99911,1970.8701,1884.315125,2258.79,1867.169308,2116.132562,2643.918071,2536.944148,2002.680043
"O-Phospho-L-homoserine","HMDB0003484",1129.984333,1259.133333,1320.12,686.5947,928.435,883.3616154,7129.234384,6451.9175,467.3783333,1107.792,6662.150269,930.4644375
"Guanosine 5'-diphosphate (GDP)","HMDB0001201",1493.2104,2362.317458,2442.433636,1751.857286,1618.805,1953.470864,2384.125864,2284.16,3124.07381,1862.304,2277.381667,2708.622565
"Phosphoenol pyruvate",NA,1925.358121,2623.748066,886.248,1869.889598,1951.115366,2334.147481,1892.131136,2413.040923,1126.543,1587.855579,3176.030191,3090.0975
"His-Phe","HMDB0028892",2434.65585,1899.652217,1871.051985,1955.511,1990.149925,1560.058826,2084.210943,1946.972531,1968.399152,1290.4275,1844.77712,1245.61595
"Iminodiacetic acid","HMDB0011753",2349.957333,1785.183927,1057.828737,2552.8965,2396.080938,1818.495,2310.726,1538.0845,1597.61405,1976.7,1691.707077,1206.847688
"DL-3-Phenyllactic acid","HMDB0000779",2060.20855,1907.810944,1410.506667,1978.384,1733.8125,2645.924217,1259.606091,1998.461067,1618.906909,933.3333333,2274.762,1546.059
"Alloxan","HMDB0002818",1982.016,2042.142276,1884.265864,1901.952,1795.0368,1822.610087,1487.677385,1188.862,1606.2872,1665.117,1972.053158,1483.501833
"Phenylpropionylglycine","HMDB0000860",1754.9575,1859.829769,1838.994179,1893.826667,1266.85,2103.784,1519.798714,1634.703636,1849.586667,1760.551111,1681.27875,1715.731875
"Nitrazepam","HMDB0015534",2702.098,1154.626,1493.14825,2180.469333,1952.881333,1392.52625,1154.568,875.324,582.7555556,1270.316667,1370.890652,1564.582222
"N-Acetylmannosamine","HMDB0001129",792.9763636,812.0603943,675.0537758,1653.916667,2807.395455,1813.188629,2520.743778,1146.589714,1274.478,1242.435714,782.3797852,885.049855
"3,4-Dihydroxyhydrocinnamic acid","HMDB0000423",2728.794833,1090.379196,1065.740593,2707.002857,2241.50895,1291.446316,1154.663571,1167.903636,776.02536,1115.279071,1013.97255,617.6741429
"Ala-Lys","HMDB0028692",2925.37581,996.2246667,830.9001765,1637.7265,1426.046,733.0500455,1571.36355,817.5474091,1017.401333,1659.669,896.9119474,899.811
"His-Cys","HMDB0028882",920.7435882,996.4969233,846.3628784,1085.15175,1133.596,708.18,1220.743333,1470.631905,983.535,2439.244591,1840.731231,2162.4273
"Glu-His","HMDB0028821",680.4047241,670.1338196,662.5435486,793.0361572,2134.505714,663.0917358,696.211853,766.2509969,583.0751953,575.5039551,763.2366667,651.91
